[
  {"model": "app.creator", "pk": 1, "fields": {"name": "Microsoft"}},
  {"model": "app.creator", "pk": 2, "fields": {"name": "BOC Group"}},
  {"model": "app.creator", "pk": 3, "fields": {"name": "Apple"}},
  {"model": "app.creator", "pk": 4, "fields": {"name": "Nulab Inc."}},
  {"model": "app.creator", "pk": 5, "fields": {"name": "Sun Microsystems"}},
  {"model": "app.creator", "pk": 6, "fields": {"name": "Oracle Corporation"}},
  {"model": "app.creator", "pk": 7, "fields": {"name": "Phil Beauvoir"}},
  {"model": "app.creator", "pk": 8, "fields": {"name": "Jean-Baptiste Sarrodie"}},
    {"model": "app.modelinglanguage", "pk": 1,
    "fields": {
      "name": "ArchiMate",
      "deletable": false
    }
  },
  {"model": "app.modelinglanguage", "pk": 2,
    "fields": {
      "name": "BPMN",
      "deletable": false
    }
  },
  {"model": "app.modelinglanguage", "pk": 3,
    "fields": {
      "name": "Circuit Diagrams",
      "deletable": false
    }
  },
  {"model": "app.modelinglanguage", "pk": 4,
    "fields": {
      "name": "ER",
      "deletable": false
    }
  },
  {"model": "app.modelinglanguage", "pk": 5,
    "fields": {
      "name": "Flowchart",
      "deletable": false
    }
  },
  {"model": "app.modelinglanguage", "pk": 6,
    "fields": {
      "name": "Sequence Diagram",
      "deletable": false
    }
  },
  {"model": "app.modelinglanguage", "pk": 7,
    "fields": {
      "name": "SysML",
      "deletable": false
    }
  },
  {"model": "app.modelinglanguage", "pk": 8,
    "fields": {
      "name": "UML",
      "deletable": false
    }
  },
  {"model": "app.platform", "pk": 1, "fields": {"name": "Chrome", "deletable": false}},
  {"model": "app.platform", "pk": 2, "fields": {"name": "Edge", "deletable": false}},
  {"model": "app.platform", "pk": 3, "fields": {"name": "Firefox", "deletable": false}},
  {"model": "app.platform", "pk": 4, "fields": {"name": "Linux", "deletable": false}},
  {"model": "app.platform", "pk": 5, "fields": {"name": "macOS", "deletable": false}},
  {"model": "app.platform", "pk": 6, "fields": {"name": "Solaris", "deletable": false}},
  {"model": "app.platform", "pk": 7, "fields": {"name": "Unix", "deletable": false}},
  {"model": "app.platform", "pk": 8, "fields": {"name": "Windows", "deletable": false}},

  {"model": "app.programminglanguage", "pk": 1, "fields": {"name": "Agnular", "deletable": false}},
  {"model": "app.programminglanguage", "pk": 2, "fields": {"name": "C", "deletable": false}},
  {"model": "app.programminglanguage", "pk": 3, "fields": {"name": "C#", "deletable": false}},
  {"model": "app.programminglanguage", "pk": 4, "fields": {"name": "CSS", "deletable": false}},
  {"model": "app.programminglanguage", "pk": 5, "fields": {"name": "C++", "deletable": false}},
  {"model": "app.programminglanguage", "pk": 6, "fields": {"name": "Go", "deletable": false}},
  {"model": "app.programminglanguage", "pk": 7, "fields": {"name": "GWT", "deletable": false}},
  {"model": "app.programminglanguage", "pk": 8, "fields": {"name": "J2EE", "deletable": false}},
  {"model": "app.programminglanguage", "pk": 9, "fields": {"name": "Java", "deletable": false}},
  {"model": "app.programminglanguage", "pk": 10, "fields": {"name": "JavaScript", "deletable": false}},
  {"model": "app.programminglanguage", "pk": 11, "fields": {"name": "Kotlin", "deletable": false}},
  {"model": "app.programminglanguage", "pk": 12, "fields": {"name": "MATLAB", "deletable": false}},
  {"model": "app.programminglanguage", "pk": 13, "fields": {"name": "Perl", "deletable": false}},
  {"model": "app.programminglanguage", "pk": 14, "fields": {"name": "PHP", "deletable": false}},
  {"model": "app.programminglanguage", "pk": 15, "fields": {"name": "Python", "deletable": false}},
  {"model": "app.programminglanguage", "pk": 16, "fields": {"name": "Ruby", "deletable": false}},
  {"model": "app.programminglanguage", "pk": 17, "fields": {"name": "Rust", "deletable": false}},
  {"model": "app.programminglanguage", "pk": 18, "fields": {"name": "Scala", "deletable": false}},
  {"model": "app.programminglanguage", "pk": 19, "fields": {"name": "Smalltalk", "deletable": false}},
  {"model": "app.programminglanguage", "pk": 20, "fields": {"name": "TypeScript", "deletable": false}},
  {"model": "app.programminglanguage", "pk": 21, "fields": {"name": "HTML", "deletable": false}},
  {"model": "app.programminglanguage", "pk": 22, "fields": {"name": "PowerShell", "deletable": false}},
  {"model": "app.programminglanguage", "pk": 23, "fields": {"name": "GAP", "deletable": false}},
  {"model": "app.programminglanguage", "pk": 24, "fields": {"name": "Xtend", "deletable": false}},
  {"model": "app.programminglanguage", "pk": 25, "fields": {"name": "VBA", "deletable": false}},
  {"model": "app.programminglanguage", "pk": 26, "fields": {"name": "Vue", "deletable": false}},
  {"model": "app.programminglanguage", "pk": 27, "fields": {"name": "Yacc", "deletable": false}},

  {"model": "app.technology", "pk": 1, "fields": {"name":  "App", "deletable": false}},
  {"model": "app.technology", "pk": 2, "fields": {"name":  "Framework", "deletable": false}},


  {
    "model": "app.modelingtool",
    "pk": 1,
    "fields": {
      "name": "Adonis",
      "link": "https://www.boc-group.com/en/",
      "open_source": false,
      "technology": [1],
      "web_app": true,
      "desktop_app": true,
      "category": "GMT",
      "modeling_languages": [2],
      "source_code_generation": false,
      "cloud_service": true,
      "license": "FM",
      "login_required": true,
      "creators": [2],
      "platforms": [8],
      "real_time_collab": false,
      "programming_languages": []
    }
  },
  {
    "model": "app.modelingtool",
    "pk": 2,
    "fields": {
      "name": "Apache OpenOffice Draw",
      "link": "https://www.openoffice.org/product/draw.html",
      "open_source": true,
      "technology": [1],
      "web_app": true,
      "desktop_app": true,
      "category": "DRT",
      "modeling_languages": [8],
      "source_code_generation": true,
      "cloud_service": false,
      "license": "FR",
      "login_required": true,
      "creators": [5, 6],
      "platforms": [8],
      "real_time_collab": false,
      "programming_languages": [5, 9]
    }
  },
  {
    "model": "app.modelingtool",
    "pk": 3,
    "fields": {
      "name": "Archi",
      "link": "https://www.archimatetool.com/",
      "open_source": true,
      "technology": [1],
      "web_app": false,
      "desktop_app": true,
      "category": "MTT",
      "modeling_languages": [1],
      "source_code_generation": false,
      "cloud_service": false,
      "license": "FR",
      "login_required": false,
      "creators": [7, 8],
      "platforms": [4, 5, 8],
      "real_time_collab": false,
      "programming_languages": [9, 21, 10, 4]
    }
  }
]