[
  {"model": "app.modelinglanguage", "pk": 1, "fields": {"name": "ArchiMate", "deletable": false}},
  {"model": "app.modelinglanguage", "pk": 2, "fields": {"name": "BPMN", "deletable": false}},
  {"model": "app.modelinglanguage", "pk": 3, "fields": {"name": "Circuit Diagrams", "deletable": false}},
  {"model": "app.modelinglanguage", "pk": 4, "fields": {"name": "ER", "deletable": false}},
  {"model": "app.modelinglanguage", "pk": 5, "fields": {"name": "Flowchart", "deletable": false}},
  {"model": "app.modelinglanguage", "pk": 6, "fields": {"name": "Sequence Diagram", "deletable": false}},
  {"model": "app.modelinglanguage", "pk": 7, "fields": {"name": "SysML", "deletable": false}},
  {"model": "app.modelinglanguage", "pk": 8, "fields": {"name": "UML", "deletable": false}},

  {"model": "app.platform", "pk": 1, "fields": {"name": "Chrome", "deletable": false}},
  {"model": "app.platform", "pk": 2, "fields": {"name": "Edge", "deletable": false}},
  {"model": "app.platform", "pk": 3, "fields": {"name": "Firefox", "deletable": false}},
  {"model": "app.platform", "pk": 4, "fields": {"name": "Linux", "deletable": false}},
  {"model": "app.platform", "pk": 5, "fields": {"name": "macOS", "deletable": false}},
  {"model": "app.platform", "pk": 6, "fields": {"name": "Solaris", "deletable": false}},
  {"model": "app.platform", "pk": 7, "fields": {"name": "Unix", "deletable": false}},
  {"model": "app.platform", "pk": 8, "fields": {"name": "Windows", "deletable": false}},

  {"model": "app.programminglanguage", "pk": 1, "fields": {"name": "Angular", "deletable": false}},
  {"model": "app.programminglanguage", "pk": 2, "fields": {"name": "C", "deletable": false}},
  {"model": "app.programminglanguage", "pk": 3, "fields": {"name": "C#", "deletable": false}},
  {"model": "app.programminglanguage", "pk": 4, "fields": {"name": "CSS", "deletable": false}},
  {"model": "app.programminglanguage", "pk": 5, "fields": {"name": "C++", "deletable": false}},
  {"model": "app.programminglanguage", "pk": 6, "fields": {"name": "Go", "deletable": false}},
  {"model": "app.programminglanguage", "pk": 7, "fields": {"name": "GWT", "deletable": false}},
  {"model": "app.programminglanguage", "pk": 8, "fields": {"name": "J2EE", "deletable": false}},
  {"model": "app.programminglanguage", "pk": 9, "fields": {"name": "Java", "deletable": false}},
  {"model": "app.programminglanguage", "pk": 10, "fields": {"name": "JavaScript", "deletable": false}},
  {"model": "app.programminglanguage", "pk": 11, "fields": {"name": "Kotlin", "deletable": false}},
  {"model": "app.programminglanguage", "pk": 12, "fields": {"name": "MATLAB", "deletable": false}},
  {"model": "app.programminglanguage", "pk": 13, "fields": {"name": "Perl", "deletable": false}},
  {"model": "app.programminglanguage", "pk": 14, "fields": {"name": "PHP", "deletable": false}},
  {"model": "app.programminglanguage", "pk": 15, "fields": {"name": "Python", "deletable": false}},
  {"model": "app.programminglanguage", "pk": 16, "fields": {"name": "Ruby", "deletable": false}},
  {"model": "app.programminglanguage", "pk": 17, "fields": {"name": "Rust", "deletable": false}},
  {"model": "app.programminglanguage", "pk": 18, "fields": {"name": "Scala", "deletable": false}},
  {"model": "app.programminglanguage", "pk": 19, "fields": {"name": "Smalltalk", "deletable": false}},
  {"model": "app.programminglanguage", "pk": 20, "fields": {"name": "TypeScript", "deletable": false}},
  {"model": "app.programminglanguage", "pk": 21, "fields": {"name": "HTML", "deletable": false}},
  {"model": "app.programminglanguage", "pk": 22, "fields": {"name": "PowerShell", "deletable": false}},
  {"model": "app.programminglanguage", "pk": 23, "fields": {"name": "GAP", "deletable": false}},
  {"model": "app.programminglanguage", "pk": 24, "fields": {"name": "Xtend", "deletable": false}},
  {"model": "app.programminglanguage", "pk": 25, "fields": {"name": "VBA", "deletable": false}},
  {"model": "app.programminglanguage", "pk": 26, "fields": {"name": "Vue", "deletable": false}},
  {"model": "app.programminglanguage", "pk": 27, "fields": {"name": "Yacc", "deletable": false}},

  {"model": "app.technology", "pk": 1, "fields": {"name": "APP", "deletable": false}},
  {"model": "app.technology", "pk": 2, "fields": {"name": "FRAMEWORK", "deletable": false}},

  {"model": "app.creator", "pk": 1, "fields": {"name": "BOC Group", "deletable": true}},
  {"model": "app.creator", "pk": 2, "fields": {"name": "Sun Microsystems, Oracle Corporation", "deletable": true}},
  {"model": "app.creator", "pk": 3, "fields": {"name": "Phil Beauvoir, Jean-Baptiste Sarrodie", "deletable": true}},
  {"model": "app.creator", "pk": 4, "fields": {"name": "Volunteer developers", "deletable": true}},
  {"model": "app.creator", "pk": 5, "fields": {"name": "Change Vision", "deletable": true}},
  {"model": "app.creator", "pk": 6, "fields": {"name": "Nulab Inc.", "deletable": true}},
  {"model": "app.creator", "pk": 7, "fields": {"name": "Camunda BPM", "deletable": true}},
  {"model": "app.creator", "pk": 8, "fields": {"name": "Junlin Shang", "deletable": true}},
  {"model": "app.creator", "pk": 9, "fields": {"name": "CS Odessa", "deletable": true}},
  {"model": "app.creator", "pk": 10, "fields": {"name": "Bartłomiej Piotrowski (git author)", "deletable": true}},
  {"model": "app.creator", "pk": 11, "fields": {"name": "Eclipse", "deletable": true}},
  {"model": "app.creator", "pk": 12, "fields": {"name": "Commissariat à l'Énergie Atomique, Atos Origin", "deletable": true}},
  {"model": "app.creator", "pk": 13, "fields": {"name": "Eclipse Foundation", "deletable": true}},
  {"model": "app.creator", "pk": 14, "fields": {"name": "EdrawSoft", "deletable": true}},
  {"model": "app.creator", "pk": 15, "fields": {"name": "Idera", "deletable": true}},
  {"model": "app.creator", "pk": 16, "fields": {"name": "Jan Koehnlein", "deletable": true}},
  {"model": "app.creator", "pk": 17, "fields": {"name": "Wangxu Technology Co., Ltd", "deletable": true}},
  {"model": "app.creator", "pk": 18, "fields": {"name": "Chris Kohlhardt, Clint Dickson", "deletable": true}},
  {"model": "app.creator", "pk": 19, "fields": {"name": "yWorks", "deletable": true}},
  {"model": "app.creator", "pk": 20, "fields": {"name": "JetBrains", "deletable": true}},
  {"model": "app.creator", "pk": 21, "fields": {"name": "No Magic, Inc.", "deletable": true}},
  {"model": "app.creator", "pk": 22, "fields": {"name": "University of Mannheim - Software Engineering Group", "deletable": true}},
  {"model": "app.creator", "pk": 23, "fields": {"name": "MetaCase", "deletable": true}},
  {"model": "app.creator", "pk": 24, "fields": {"name": "Microsoft Corporation", "deletable": true}},
  {"model": "app.creator", "pk": 25, "fields": {"name": "Andrey Khusid", "deletable": true}},
  {"model": "app.creator", "pk": 26, "fields": {"name": "Emil Tamas", "deletable": true}},
  {"model": "app.creator", "pk": 27, "fields": {"name": "Raphael Araújo e Silva", "deletable": true}},
  {"model": "app.creator", "pk": 28, "fields": {"name": "Arnaud Roques", "deletable": true}},
  {"model": "app.creator", "pk": 29, "fields": {"name": "IBM", "deletable": true}},
  {"model": "app.creator", "pk": 30, "fields": {"name": "Ajei Gopal", "deletable": true}},
  {"model": "app.creator", "pk": 31, "fields": {"name": "MathWorks", "deletable": true}},
  {"model": "app.creator", "pk": 32, "fields": {"name": "Saiki Tanabe", "deletable": true}},
  {"model": "app.creator", "pk": 33, "fields": {"name": "Ian Lawson", "deletable": true}},
  {"model": "app.creator", "pk": 34, "fields": {"name": "Dusan Rodina", "deletable": true}},
  {"model": "app.creator", "pk": 35, "fields": {"name": "Sparx", "deletable": true}},
  {"model": "app.creator", "pk": 36, "fields": {"name": "MKLabs Co. Ltd.", "deletable": true}},
  {"model": "app.creator", "pk": 37, "fields": {"name": "Cruise Group in the Department of Electrical Engineering and Computer Science, Led by Timothy Lethbridge at University of Ottawa", "deletable": true}},
  {"model": "app.creator", "pk": 38, "fields": {"name": "Visual Paradigm International", "deletable": true}},

  {"model": "app.modelingtool", "pk": 1, "fields": {"name": "Adonis", "link": "https://www.boc-group.com/en/", "open_source": false, "technology": [1], "web_app": true, "desktop_app": true, "category": "GMT", "modeling_languages": [2], "source_code_generation": false, "cloud_service": true, "license": "FM", "login_required": true, "creators": [1], "platforms": [8], "real_time_collab": false, "programming_languages": []}},
  {"model": "app.modelingtool", "pk": 2, "fields": {"name": "Apache OpenOffice Draw", "link": "https://www.openoffice.org/product/draw.html", "open_source": true, "technology": [1], "web_app": true, "desktop_app": true, "category": "DRT", "modeling_languages": [8], "source_code_generation": false, "cloud_service": false, "license": "FR", "login_required": true, "creators": [2], "platforms": [8], "real_time_collab": false, "programming_languages": [5, 9]}},
  {"model": "app.modelingtool", "pk": 3, "fields": {"name": "Archi", "link": "https://www.archimatetool.com/", "open_source": true, "technology": [1], "web_app": false, "desktop_app": true, "category": "MTT", "modeling_languages": [1], "source_code_generation": false, "cloud_service": false, "license": "FR", "login_required": false, "creators": [3], "platforms": [8, 5, 4], "real_time_collab": false, "programming_languages": [9, 21, 10, 4]}},
  {"model": "app.modelingtool", "pk": 4, "fields": {"name": "ARGOuml", "link": "https://argouml-tigris-org.github.io/", "open_source": true, "technology": [1], "web_app": false, "desktop_app": true, "category": "GMT", "modeling_languages": [8], "source_code_generation": true, "cloud_service": false, "license": "FR", "login_required": null, "creators": [4], "platforms": [], "real_time_collab": false, "programming_languages": []}},
  {"model": "app.modelingtool", "pk": 5, "fields": {"name": "Astah", "link": "https://astah.net/", "open_source": false, "technology": [1], "web_app": false, "desktop_app": true, "category": "GMT", "modeling_languages": [8, 4], "source_code_generation": false, "cloud_service": true, "license": "FM", "login_required": true, "creators": [5], "platforms": [], "real_time_collab": null, "programming_languages": [9]}},
  {"model": "app.modelingtool", "pk": 6, "fields": {"name": "bigER Modeling Tool", "link": "https://marketplace.visualstudio.com/items?itemName=BIGModelingTools.erdiagram", "open_source": true, "technology": [2], "web_app": false, "desktop_app": false, "category": "MTG", "modeling_languages": [4], "source_code_generation": true, "cloud_service": true, "license": "FR", "login_required": false, "creators": [4], "platforms": [], "real_time_collab": false, "programming_languages": [9, 10, 20]}},
  {"model": "app.modelingtool", "pk": 7, "fields": {"name": "bigUML Modeling Tool", "link": "https://marketplace.visualstudio.com/items?itemName=BIGModelingTools.umldiagram", "open_source": true, "technology": [2], "web_app": false, "desktop_app": false, "category": "MTG", "modeling_languages": [8], "source_code_generation": true, "cloud_service": true, "license": "FR", "login_required": false, "creators": [4], "platforms": [], "real_time_collab": false, "programming_languages": [9, 20, 4, 10]}},
  {"model": "app.modelingtool", "pk": 8, "fields": {"name": "BPMN.io", "link": "https://bpmn.io", "open_source": true, "technology": [1], "web_app": true, "desktop_app": true, "category": "GMT", "modeling_languages": [2], "source_code_generation": false, "cloud_service": true, "license": "FR", "login_required": false, "creators": [], "platforms": [], "real_time_collab": false, "programming_languages": [10]}},
  {"model": "app.modelingtool", "pk": 9, "fields": {"name": "Cacoo", "link": "https://nulab.com/cacoo/", "open_source": false, "technology": [1], "web_app": true, "desktop_app": false, "category": "BUT", "modeling_languages": [2, 5], "source_code_generation": false, "cloud_service": true, "license": "FM", "login_required": true, "creators": [6], "platforms": [], "real_time_collab": true, "programming_languages": [21]}},
  {"model": "app.modelingtool", "pk": 10, "fields": {"name": "Camunda BPM", "link": "https://camunda.com/", "open_source": true, "technology": [1], "web_app": true, "desktop_app": true, "category": "MTG", "modeling_languages": [2], "source_code_generation": false, "cloud_service": true, "license": "FM", "login_required": true, "creators": [7], "platforms": [4, 5, 8], "real_time_collab": true, "programming_languages": [9]}},
  {"model": "app.modelingtool", "pk": 11, "fields": {"name": "Chartmage", "link": "https://chartmage.com/intro.html", "open_source": true, "technology": [1], "web_app": true, "desktop_app": false, "category": "TMT", "modeling_languages": [6], "source_code_generation": false, "cloud_service": true, "license": "FR", "login_required": false, "creators": [8], "platforms": [], "real_time_collab": false, "programming_languages": [10, 21, 4]}},
  {"model": "app.modelingtool", "pk": 12, "fields": {"name": "Circuit Diagram", "link": "https://www.circuit-diagram.org/editor/", "open_source": true, "technology": [1], "web_app": true, "desktop_app": true, "category": "GMT", "modeling_languages": [3], "source_code_generation": false, "cloud_service": false, "license": "FR", "login_required": false, "creators": [], "platforms": [], "real_time_collab": false, "programming_languages": [3, 22, 20]}},
  {"model": "app.modelingtool", "pk": 13, "fields": {"name": "ConceptDraw Diagram", "link": "https://www.conceptdraw.com/products/drawing-tool", "open_source": false, "technology": [1], "web_app": false, "desktop_app": true, "category": "DRT", "modeling_languages": [8, 2], "source_code_generation": false, "cloud_service": false, "license": "CO", "login_required": true, "creators": [9], "platforms": [], "real_time_collab": false, "programming_languages": []}},
  {"model": "app.modelingtool", "pk": 14, "fields": {"name": "Creately", "link": "https://creately.com/", "open_source": false, "technology": [1], "web_app": true, "desktop_app": false, "category": "BUT", "modeling_languages": [8, 2, 4], "source_code_generation": false, "cloud_service": true, "license": "FM", "login_required": true, "creators": [], "platforms": [], "real_time_collab": false, "programming_languages": []}},
  {"model": "app.modelingtool", "pk": 15, "fields": {"name": "dbdiagram.io", "link": "https://dbdiagram.io/home", "open_source": false, "technology": [1], "web_app": true, "desktop_app": false, "category": "MTG", "modeling_languages": [4], "source_code_generation": true, "cloud_service": true, "license": "FM", "login_required": false, "creators": [], "platforms": [], "real_time_collab": true, "programming_languages": []}},
  {"model": "app.modelingtool", "pk": 16, "fields": {"name": "Dia", "link": "https://nulab.com/cacoo/", "open_source": false, "technology": [1], "web_app": true, "desktop_app": false, "category": "GMT", "modeling_languages": [], "source_code_generation": false, "cloud_service": true, "license": "FR", "login_required": true, "creators": [10], "platforms": [], "real_time_collab": false, "programming_languages": []}},
  {"model": "app.modelingtool", "pk": 17, "fields": {"name": "Diagram Designer", "link": "https://logicnet.dk/DiagramDesigner/", "open_source": true, "technology": [1], "web_app": false, "desktop_app": true, "category": "DRT", "modeling_languages": [8], "source_code_generation": false, "cloud_service": false, "license": "FR", "login_required": false, "creators": [4], "platforms": [], "real_time_collab": false, "programming_languages": []}},
  {"model": "app.modelingtool", "pk": 18, "fields": {"name": "Diagramo", "link": "http://diagramo.com/", "open_source": true, "technology": [1], "web_app": true, "desktop_app": true, "category": "DRT", "modeling_languages": [], "source_code_generation": false, "cloud_service": false, "license": "FR", "login_required": false, "creators": [], "platforms": [], "real_time_collab": false, "programming_languages": [21, 10]}},
  {"model": "app.modelingtool", "pk": 19, "fields": {"name": "Diagrams.net", "link": "https://www.diagrams.net/", "open_source": true, "technology": [1], "web_app": true, "desktop_app": true, "category": "DRT", "modeling_languages": [8, 2, 4], "source_code_generation": false, "cloud_service": true, "license": "FR", "login_required": false, "creators": [], "platforms": [], "real_time_collab": false, "programming_languages": [9, 10]}},
  {"model": "app.modelingtool", "pk": 20, "fields": {"name": "DotUML", "link": "https://dotuml.com/", "open_source": null, "technology": [1], "web_app": true, "desktop_app": false, "category": "GMT", "modeling_languages": [8], "source_code_generation": false, "cloud_service": true, "license": "FR", "login_required": false, "creators": [], "platforms": [], "real_time_collab": false, "programming_languages": [10]}},
  {"model": "app.modelingtool", "pk": 21, "fields": {"name": "Eclipse GLSP", "link": "https://www.eclipse.org/glsp/", "open_source": true, "technology": [1], "web_app": false, "desktop_app": false, "category": "MTT", "modeling_languages": [], "source_code_generation": false, "cloud_service": true, "license": "FR", "login_required": false, "creators": [11], "platforms": [], "real_time_collab": false, "programming_languages": []}},
  {"model": "app.modelingtool", "pk": 22, "fields": {"name": "Eclipse Papyrus", "link": "https://www.eclipse.org/papyrus/", "open_source": true, "technology": [2], "web_app": false, "desktop_app": true, "category": "GMT", "modeling_languages": [8, 2], "source_code_generation": false, "cloud_service": true, "license": "FR", "login_required": false, "creators": [12], "platforms": [], "real_time_collab": false, "programming_languages": [9]}},
  {"model": "app.modelingtool", "pk": 23, "fields": {"name": "Eclipse Modeling Framework", "link": "https://www.eclipse.org/modeling/emf/", "open_source": true, "technology": [2], "web_app": false, "desktop_app": false, "category": "GMT", "modeling_languages": [8, 2], "source_code_generation": false, "cloud_service": true, "license": "FR", "login_required": false, "creators": [13], "platforms": [], "real_time_collab": false, "programming_languages": []}},
  {"model": "app.modelingtool", "pk": 24, "fields": {"name": "Edraw Max", "link": "https://www.edrawsoft.com/de/", "open_source": false, "technology": [1], "web_app": true, "desktop_app": true, "category": "BUT", "modeling_languages": [8, 2, 4], "source_code_generation": false, "cloud_service": true, "license": "FM", "login_required": true, "creators": [14], "platforms": [], "real_time_collab": false, "programming_languages": []}},
  {"model": "app.modelingtool", "pk": 25, "fields": {"name": "ER/Studio", "link": "https://go.idera.com/data-architecture-for-applications/?utm_source=guru99&utm_medium=Online%20Display&utm_campaign=trial-download&utm_content=ers&utm_term=q1y23", "open_source": false, "technology": [1], "web_app": false, "desktop_app": true, "category": "TMT", "modeling_languages": [2, 4], "source_code_generation": false, "cloud_service": true, "license": "FM", "login_required": true, "creators": [15], "platforms": [], "real_time_collab": false, "programming_languages": []}},
  {"model": "app.modelingtool", "pk": 26, "fields": {"name": "FXDiagram", "link": "https://jankoehnlein.github.io/FXDiagram/", "open_source": true, "technology": [2], "web_app": false, "desktop_app": false, "category": "TMT", "modeling_languages": [8, 2, 4], "source_code_generation": false, "cloud_service": true, "license": "FM", "login_required": true, "creators": [], "platforms": [], "real_time_collab": false, "programming_languages": [8, 7, 21]}},
  {"model": "app.modelingtool", "pk": 27, "fields": {"name": "GenMyModel", "link": "https://www.genmymodel.com/", "open_source": false, "technology": [1], "web_app": true, "desktop_app": false, "category": "GMT", "modeling_languages": [], "source_code_generation": false, "cloud_service": null, "license": "FR", "login_required": false, "creators": [16], "platforms": [], "real_time_collab": false, "programming_languages": [9, 24]}},
  {"model": "app.modelingtool", "pk": 28, "fields": {"name": "GitMind", "link": "https://gitmind.com/", "open_source": false, "technology": [1], "web_app": true, "desktop_app": true, "category": "DRT", "modeling_languages": [], "source_code_generation": false, "cloud_service": true, "license": "FM", "login_required": false, "creators": [17], "platforms": [], "real_time_collab": true, "programming_languages": []}},
  {"model": "app.modelingtool", "pk": 29, "fields": {"name": "Gliffy", "link": "https://www.gliffy.com/", "open_source": false, "technology": [1], "web_app": true, "desktop_app": false, "category": "BUT", "modeling_languages": [8, 2], "source_code_generation": false, "cloud_service": true, "license": "CO", "login_required": true, "creators": [18], "platforms": [], "real_time_collab": true, "programming_languages": []}},
  {"model": "app.modelingtool", "pk": 30, "fields": {"name": "GoJS", "link": "https://gojs.net/latest/index.html", "open_source": true, "technology": [2], "web_app": false, "desktop_app": false, "category": "MTG", "modeling_languages": [8, 2, 4, 5], "source_code_generation": false, "cloud_service": true, "license": "FM", "login_required": false, "creators": [4], "platforms": [], "real_time_collab": false, "programming_languages": [21, 10, 20]}},
  {"model": "app.modelingtool", "pk": 31, "fields": {"name": "Graphity", "link": "https://www.graphity.com/", "open_source": false, "technology": [1], "web_app": false, "desktop_app": true, "category": "GMT", "modeling_languages": [8, 2, 4], "source_code_generation": false, "cloud_service": true, "license": "CO", "login_required": true, "creators": [19], "platforms": [], "real_time_collab": false, "programming_languages": []}},
  {"model": "app.modelingtool", "pk": 32, "fields": {"name": "Graphiti", "link": "https://www.eclipse.org/graphiti/", "open_source": true, "technology": [2], "web_app": false, "desktop_app": false, "category": "GMT", "modeling_languages": [], "source_code_generation": false, "cloud_service": true, "license": "FR", "login_required": false, "creators": [13], "platforms": [], "real_time_collab": false, "programming_languages": [9]}},
  {"model": "app.modelingtool", "pk": 33, "fields": {"name": "iGrafx", "link": "https://www.igrafx.com/", "open_source": false, "technology": [1], "web_app": true, "desktop_app": true, "category": "BUT", "modeling_languages": [2], "source_code_generation": false, "cloud_service": true, "license": "FM", "login_required": true, "creators": [], "platforms": [], "real_time_collab": true, "programming_languages": []}},
  {"model": "app.modelingtool", "pk": 34, "fields": {"name": "JetBrains MPS", "link": "https://www.jetbrains.com/mps/", "open_source": false, "technology": [1], "web_app": false, "desktop_app": true, "category": "MTT", "modeling_languages": [], "source_code_generation": false, "cloud_service": true, "license": "FM", "login_required": true, "creators": [20], "platforms": [], "real_time_collab": false, "programming_languages": [9]}},
  {"model": "app.modelingtool", "pk": 35, "fields": {"name": "JointJS", "link": "https://www.jointjs.com/", "open_source": true, "technology": [2], "web_app": false, "desktop_app": false, "category": "MTG", "modeling_languages": [8, 2, 4], "source_code_generation": false, "cloud_service": true, "license": "FM", "login_required": true, "creators": [], "platforms": [], "real_time_collab": false, "programming_languages": [10, 21]}},
  {"model": "app.modelingtool", "pk": 36, "fields": {"name": "jslumb", "link": "https://jsplumbtoolkit.com/", "open_source": true, "technology": [2], "web_app": true, "desktop_app": false, "category": "MTG", "modeling_languages": [], "source_code_generation": false, "cloud_service": true, "license": "FR", "login_required": false, "creators": [], "platforms": [], "real_time_collab": false, "programming_languages": [10, 21, 20, 4]}},
  {"model": "app.modelingtool", "pk": 37, "fields": {"name": "jsUML2 Editor", "link": "http://www.jrromero.net/tools/jsUML2", "open_source": true, "technology": [1], "web_app": true, "desktop_app": true, "category": "GMT", "modeling_languages": [8], "source_code_generation": false, "cloud_service": false, "license": "FR", "login_required": false, "creators": [], "platforms": [], "real_time_collab": false, "programming_languages": [10, 21]}},
  {"model": "app.modelingtool", "pk": 38, "fields": {"name": "Lucidchart", "link": "https://www.lucidchart.com", "open_source": false, "technology": [1], "web_app": true, "desktop_app": false, "category": "DRT", "modeling_languages": [8, 2, 4], "source_code_generation": false, "cloud_service": true, "license": "CO", "login_required": true, "creators": [], "platforms": [], "real_time_collab": true, "programming_languages": [9, 18, 16, 14, 10]}},
  {"model": "app.modelingtool", "pk": 39, "fields": {"name": "MagicDraw", "link": "https://www.3ds.com/products-services/catia/products/no-magic/", "open_source": false, "technology": [1], "web_app": false, "desktop_app": true, "category": "GMT", "modeling_languages": [8, 7, 2], "source_code_generation": false, "cloud_service": true, "license": "FM", "login_required": true, "creators": [21], "platforms": [4, 5, 8], "real_time_collab": false, "programming_languages": []}},
  {"model": "app.modelingtool", "pk": 40, "fields": {"name": "MelanEE", "link": "http://www.melanee.org/", "open_source": false, "technology": [1], "web_app": false, "desktop_app": true, "category": "MTT", "modeling_languages": [], "source_code_generation": false, "cloud_service": false, "license": "FR", "login_required": false, "creators": [22], "platforms": [], "real_time_collab": false, "programming_languages": []}},
  {"model": "app.modelingtool", "pk": 41, "fields": {"name": "Mermaid.js", "link": "https://mermaid-js.github.io/mermaid/#/", "open_source": true, "technology": [2], "web_app": false, "desktop_app": true, "category": "MTT", "modeling_languages": [], "source_code_generation": false, "cloud_service": false, "license": "FR", "login_required": false, "creators": [22], "platforms": [], "real_time_collab": false, "programming_languages": []}},
  {"model": "app.modelingtool", "pk": 42, "fields": {"name": "MetaEdit+", "link": "https://www.metacase.com/products.html", "open_source": false, "technology": [1], "web_app": false, "desktop_app": true, "category": "MTT", "modeling_languages": [], "source_code_generation": false, "cloud_service": false, "license": "FM", "login_required": false, "creators": [23], "platforms": [], "real_time_collab": false, "programming_languages": []}},
  {"model": "app.modelingtool", "pk": 43, "fields": {"name": "MetaUML", "link": "https://github.com/ogheorghies/MetaUML", "open_source": false, "technology": [1], "web_app": false, "desktop_app": true, "category": "MTT", "modeling_languages": [], "source_code_generation": false, "cloud_service": false, "license": "FM", "login_required": false, "creators": [4], "platforms": [], "real_time_collab": false, "programming_languages": []}},
  {"model": "app.modelingtool", "pk": 44, "fields": {"name": "Microsoft Visio", "link": "https://www.microsoft.com/en-us/microsoft-365/visio/flowchart-software", "open_source": false, "technology": [1], "web_app": true, "desktop_app": true, "category": "BUT", "modeling_languages": [8, 2], "source_code_generation": false, "cloud_service": true, "license": "CO", "login_required": true, "creators": [24], "platforms": [], "real_time_collab": true, "programming_languages": [25]}},
  {"model": "app.modelingtool", "pk": 45, "fields": {"name": "Mindfusion", "link": "https://mindfusion.eu/index.html", "open_source": true, "technology": [2], "web_app": true, "desktop_app": false, "category": "DRT", "modeling_languages": [8], "source_code_generation": false, "cloud_service": true, "license": "FM", "login_required": false, "creators": [], "platforms": [], "real_time_collab": false, "programming_languages": [10, 3, 20, 4]}},
  {"model": "app.modelingtool", "pk": 46, "fields": {"name": "Miro", "link": "https://miro.com/de/", "open_source": false, "technology": [1], "web_app": true, "desktop_app": true, "category": "BUT", "modeling_languages": [8, 2, 4], "source_code_generation": false, "cloud_service": true, "license": "FM", "login_required": true, "creators": [25], "platforms": [], "real_time_collab": true, "programming_languages": []}},
  {"model": "app.modelingtool", "pk": 47, "fields": {"name": "Modelio", "link": "https://www.modelio.org/", "open_source": true, "technology": [1], "web_app": false, "desktop_app": true, "category": "GMT", "modeling_languages": [8, 7, 2], "source_code_generation": true, "cloud_service": true, "license": "FR", "login_required": false, "creators": [], "platforms": [], "real_time_collab": false, "programming_languages": [9, 5]}},
  {"model": "app.modelingtool", "pk": 48, "fields": {"name": "Moqups", "link": "https://moqups.com", "open_source": false, "technology": [1], "web_app": true, "desktop_app": false, "category": "BUT", "modeling_languages": [8, 7, 2], "source_code_generation": false, "cloud_service": true, "license": "FM", "login_required": true, "creators": [26], "platforms": [], "real_time_collab": true, "programming_languages": []}},
  {"model": "app.modelingtool", "pk": 49, "fields": {"name": "mxGraph", "link": "https://github.com/jgraph/mxgraph", "open_source": true, "technology": [2], "web_app": false, "desktop_app": false, "category": "DRT", "modeling_languages": [], "source_code_generation": false, "cloud_service": true, "license": "FR", "login_required": false, "creators": [], "platforms": [], "real_time_collab": false, "programming_languages": [21, 10, 9, 3]}},
  {"model": "app.modelingtool", "pk": 50, "fields": {"name": "Nomnoml", "link": "https://www.nomnoml.com/", "open_source": true, "technology": [2], "web_app": true, "desktop_app": false, "category": "TMT", "modeling_languages": [8], "source_code_generation": true, "cloud_service": true, "license": "FR", "login_required": false, "creators": [], "platforms": [], "real_time_collab": false, "programming_languages": [20, 10, 21, 4, 27]}},
  {"model": "app.modelingtool", "pk": 51, "fields": {"name": "ObeoDesigner", "link": "https://www.obeodesigner.com/en", "open_source": true, "technology": [1], "web_app": false, "desktop_app": true, "category": "MTG", "modeling_languages": [8, 7, 2], "source_code_generation": false, "cloud_service": true, "license": "FM", "login_required": false, "creators": [], "platforms": [], "real_time_collab": true, "programming_languages": [9]}},
  {"model": "app.modelingtool", "pk": 52, "fields": {"name": "OpenPonk Modeling Platform", "link": "https://openponk.org/", "open_source": true, "technology": [1], "web_app": false, "desktop_app": true, "category": "GMT", "modeling_languages": [8, 2], "source_code_generation": true, "cloud_service": true, "license": "FR", "login_required": false, "creators": [], "platforms": [], "real_time_collab": false, "programming_languages": [19]}},
  {"model": "app.modelingtool", "pk": 53, "fields": {"name": "Pencil Project", "link": "https://pencil.evolus.vn/", "open_source": true, "technology": [1], "web_app": false, "desktop_app": true, "category": "DRT", "modeling_languages": [], "source_code_generation": false, "cloud_service": false, "license": "FR", "login_required": false, "creators": [4], "platforms": [], "real_time_collab": false, "programming_languages": [10]}},
  {"model": "app.modelingtool", "pk": 54, "fields": {"name": "pgModeler", "link": "https://pgmodeler.io/", "open_source": true, "technology": [1], "web_app": false, "desktop_app": true, "category": "GMT", "modeling_languages": [4], "source_code_generation": false, "cloud_service": false, "license": "CO", "login_required": false, "creators": [27], "platforms": [], "real_time_collab": false, "programming_languages": [5]}},
  {"model": "app.modelingtool", "pk": 55, "fields": {"name": "PlantUML", "link": "https://plantuml.com/de/", "open_source": true, "technology": [2], "web_app": true, "desktop_app": false, "category": "TMT", "modeling_languages": [8], "source_code_generation": true, "cloud_service": true, "license": "FR", "login_required": false, "creators": [28], "platforms": [], "real_time_collab": false, "programming_languages": [9]}},
  {"model": "app.modelingtool", "pk": 56, "fields": {"name": "ProcessOn", "link": "https://www.processon.io/", "open_source": false, "technology": [1], "web_app": true, "desktop_app": false, "category": "DRT", "modeling_languages": [8, 2], "source_code_generation": false, "cloud_service": true, "license": "FM", "login_required": false, "creators": [], "platforms": [], "real_time_collab": true, "programming_languages": []}},
  {"model": "app.modelingtool", "pk": 57, "fields": {"name": "Rational Rose (IBM)", "link": "https://www.ibm.com/support/pages/ibm-rational-rose-enterprise-7004-ifix001", "open_source": false, "technology": [1], "web_app": false, "desktop_app": true, "category": "GMT", "modeling_languages": [8], "source_code_generation": false, "cloud_service": false, "license": "CO", "login_required": true, "creators": [29], "platforms": [4, 6, 7, 8], "real_time_collab": false, "programming_languages": []}},
  {"model": "app.modelingtool", "pk": 58, "fields": {"name": "SCADE", "link": "https://www.ansys.com/products/embedded-software/ansys-scade-suite", "open_source": false, "technology": [1], "web_app": false, "desktop_app": true, "category": "GMT", "modeling_languages": [], "source_code_generation": false, "cloud_service": true, "license": "FM", "login_required": true, "creators": [30], "platforms": [], "real_time_collab": false, "programming_languages": []}},
  {"model": "app.modelingtool", "pk": 59, "fields": {"name": "Simulink", "link": "https://de.mathworks.com/products/simulink.html", "open_source": false, "technology": [1], "web_app": true, "desktop_app": false, "category": "GMT", "modeling_languages": [], "source_code_generation": false, "cloud_service": true, "license": "CO", "login_required": true, "creators": [31], "platforms": [], "real_time_collab": true, "programming_languages": []}},
  {"model": "app.modelingtool", "pk": 60, "fields": {"name": "sketchboard", "link": "https://sketchboard.me/home", "open_source": false, "technology": [1], "web_app": true, "desktop_app": false, "category": "BUT", "modeling_languages": [8], "source_code_generation": false, "cloud_service": true, "license": "CO", "login_required": true, "creators": [32], "platforms": [], "real_time_collab": false, "programming_languages": []}},
  {"model": "app.modelingtool", "pk": 61, "fields": {"name": "Slickplan", "link": "https://slickplan.com/", "open_source": false, "technology": [1], "web_app": true, "desktop_app": false, "category": "BUT", "modeling_languages": [8, 2, 4], "source_code_generation": false, "cloud_service": true, "license": "FM", "login_required": true, "creators": [33], "platforms": [], "real_time_collab": true, "programming_languages": []}},
  {"model": "app.modelingtool", "pk": 62, "fields": {"name": "Software Ideas Modeler", "link": "https://www.softwareideas.net/", "open_source": false, "technology": [1], "web_app": false, "desktop_app": true, "category": "GMT", "modeling_languages": [8, 2, 4, 7], "source_code_generation": true, "cloud_service": false, "license": "FM", "login_required": false, "creators": [34], "platforms": [], "real_time_collab": false, "programming_languages": [3]}},
  {"model": "app.modelingtool", "pk": 63, "fields": {"name": "Enterprise Architect", "link": "https://sparxsystems.com/", "open_source": false, "technology": [1], "web_app": false, "desktop_app": true, "category": "GMT", "modeling_languages": [8, 2, 4, 7], "source_code_generation": false, "cloud_service": true, "license": "CO", "login_required": false, "creators": [35], "platforms": [4, 5, 8], "real_time_collab": true, "programming_languages": [5]}},
  {"model": "app.modelingtool", "pk": 64, "fields": {"name": "StarUML", "link": "https://staruml.io/", "open_source": true, "technology": [1], "web_app": false, "desktop_app": true, "category": "MTG", "modeling_languages": [8, 4, 7], "source_code_generation": true, "cloud_service": true, "license": "FM", "login_required": false, "creators": [36], "platforms": [], "real_time_collab": false, "programming_languages": []}},
  {"model": "app.modelingtool", "pk": 65, "fields": {"name": "Swimlanes", "link": "https://swimlanes.io/", "open_source": true, "technology": [1], "web_app": true, "desktop_app": false, "category": "TMT", "modeling_languages": [8], "source_code_generation": true, "cloud_service": false, "license": "FR", "login_required": false, "creators": [4], "platforms": [1, 2, 3], "real_time_collab": false, "programming_languages": [21, 10]}},
  {"model": "app.modelingtool", "pk": 66, "fields": {"name": "UMLetino", "link": "https://www.umletino.com/", "open_source": true, "technology": [1], "web_app": true, "desktop_app": true, "category": "DRT", "modeling_languages": [8], "source_code_generation": false, "cloud_service": false, "license": "FR", "login_required": false, "creators": [], "platforms": [], "real_time_collab": false, "programming_languages": []}},
  {"model": "app.modelingtool", "pk": 67, "fields": {"name": "Umple", "link": "https://cruise.umple.org/umple/", "open_source": true, "technology": [2], "web_app": true, "desktop_app": true, "category": "MTG", "modeling_languages": [8], "source_code_generation": false, "cloud_service": true, "license": "FR", "login_required": false, "creators": [37], "platforms": [], "real_time_collab": false, "programming_languages": [9]}},
  {"model": "app.modelingtool", "pk": 68, "fields": {"name": "Visual Paradigm", "link": "https://online.visual-paradigm.com/diagrams/solutions/free-online-diagram-editor/", "open_source": false, "technology": [1], "web_app": true, "desktop_app": true, "category": "GMT", "modeling_languages": [8, 2], "source_code_generation": false, "cloud_service": true, "license": "CO", "login_required": false, "creators": [38], "platforms": [], "real_time_collab": true, "programming_languages": [9]}},
  {"model": "app.modelingtool", "pk": 69, "fields": {"name": "WebGME", "link": "https://webgme.org/", "open_source": true, "technology": [1], "web_app": true, "desktop_app": false, "category": "MTT", "modeling_languages": [], "source_code_generation": false, "cloud_service": true, "license": "FR", "login_required": false, "creators": [], "platforms": [], "real_time_collab": false, "programming_languages": []}},
  {"model": "app.modelingtool", "pk": 70, "fields": {"name": "Xtext", "link": "https://www.eclipse.org/Xtext/", "open_source": true, "technology": [2], "web_app": false, "desktop_app": false, "category": "TMT", "modeling_languages": [], "source_code_generation": false, "cloud_service": true, "license": "FR", "login_required": false, "creators": [13], "platforms": [], "real_time_collab": false, "programming_languages": [9, 23, 24]}},
  {"model": "app.modelingtool", "pk": 71, "fields": {"name": "yEd", "link": "https://www.yworks.com/products/yed", "open_source": false, "technology": [1], "web_app": true, "desktop_app": true, "category": "GMT", "modeling_languages": [8, 2, 4], "source_code_generation": false, "cloud_service": true, "license": "FM", "login_required": true, "creators": [19], "platforms": [], "real_time_collab": false, "programming_languages": []}},
  {"model": "app.modelingtool", "pk": 72, "fields": {"name": "yFiles", "link": "https://www.yworks.com/products/yfiles", "open_source": false, "technology": [2], "web_app": true, "desktop_app": true, "category": "GMT", "modeling_languages": [8, 2], "source_code_generation": false, "cloud_service": true, "license": "FM", "login_required": false, "creators": [19], "platforms": [], "real_time_collab": false, "programming_languages": []}},
  {"model": "app.modelingtool", "pk": 73, "fields": {"name": "ZenUML", "link": "https://www.zenuml.com/", "open_source": true, "technology": [1], "web_app": true, "desktop_app": true, "category": "MTG", "modeling_languages": [8], "source_code_generation": false, "cloud_service": true, "license": "FM", "login_required": false, "creators": [], "platforms": [], "real_time_collab": false, "programming_languages": [10, 20, 9, 26, 21]}}
]